,epoch,train_epoch_loss_avg_over_batch,train_acc,train_acc_clean_only,train_asr_bd_only,train_ra_bd_only,clean_test_loss_avg_over_batch,bd_test_loss_avg_over_batch,ra_test_loss_avg_over_batch,test_acc,test_asr,test_ra
last,59,0.14804210137957088,0.9491792929292929,0.9804187991998129,0.6680383446340893,0.4835164835164835,3.800817720817797,0.006919866902015721,16.92984655925206,0.47785714285714287,0.9971428571428571,0.0018571428571428571
valid_max,59,1.1291391594477003,0.949230733258511,0.9804187991998129,0.671148000935235,0.858265139116203,3.800817720817797,1.8789624742099218,16.92984655925206,0.4905952380952381,0.9991428571428571,0.4625714285714286
exist_nan_value,False,False,False,False,False,False,False,False,False,False,False,False
