,epoch,batch,train_epoch_loss_avg_over_batch,train_acc,clean_test_loss_avg_over_batch,bd_test_loss_avg_over_batch,test_acc,test_asr,test_ra
last,9,85,0.22208057887413923,0.9146296296296297,1.5719782366897121,4.360264914376395,0.6153571428571428,0.15514285714285714,0.6218571428571429
valid_max,9,85,0.5165045296444613,0.9146296296296297,1.7807242545214566,5.217245442526681,0.6453571428571429,0.1682857142857143,0.6901428571428572
exist_nan_value,False,False,False,False,False,False,False,False,False
