,epoch,batch,train_epoch_loss_avg_over_batch,train_acc,clean_test_loss_avg_over_batch,bd_test_loss_avg_over_batch,test_acc,test_asr,test_ra
last,0,0,0.22328828853719374,0.9144444444444444,1.3518297491651592,5.359642727034433,0.6513095238095238,0.07828571428571429,0.7015714285714286
valid_max,0,0,0.5334443618269528,0.9144444444444444,1.419357419013977,5.359642727034433,0.6522619047619047,0.213,0.7052857142857143
exist_nan_value,False,False,False,False,False,False,False,False,False
