,epoch,batch,train_epoch_loss_avg_over_batch,train_acc,clean_test_loss_avg_over_batch,bd_test_loss_avg_over_batch,test_acc,test_asr,test_ra
0,0,0,0.5334443618269528,0.8127777777777778,1.179270413788882,3.725465408393315,0.6258333333333334,0.075,0.6778571428571428
1,0,0,0.3813623803503373,0.8585185185185186,1.3049732771786777,3.502064279147557,0.6226190476190476,0.21228571428571427,0.6151428571428571
2,0,0,0.34003927567425896,0.8709722222222223,1.3279204874327688,4.840028762817383,0.6190476190476191,0.048285714285714286,0.6851428571428572
