,epoch,clean_test_loss_avg_over_batch,bd_test_loss_avg_over_batch,ra_test_loss_avg_over_batch,test_acc,test_asr,test_ra
0,0,1.087058863219093,0.21920540928840637,3.433625351298939,0.8230952380952381,0.9367857142857143,0.06321428571428571
1,1,0.9983258773298824,0.2124397117983211,3.3968256386843594,0.82,0.9403571428571429,0.05964285714285714
2,2,nan_value,nan_value,nan_value,0.3333333333333333,1.0,0.0
3,3,nan_value,nan_value,nan_value,0.3333333333333333,1.0,0.0
4,4,nan_value,nan_value,nan_value,0.3333333333333333,1.0,0.0
