,epoch,train_epoch_loss_avg_over_batch,train_acc,train_acc_clean_only,train_asr_bd_only,train_ra_bd_only,clean_test_loss_avg_over_batch,bd_test_loss_avg_over_batch,ra_test_loss_avg_over_batch,test_acc,test_asr,test_ra
last,19,1.5219473242759705,0.0,0.0,0.0,0.40948275862068967,0.9033837535164573,1.571701169013977,0.23312843839327493,0.5,0.0,1.0
valid_max,59,1.5219473242759705,0.9673611111111111,0.9677152317880795,0.9800959909655562,0.5991379310344828,0.9033837535164573,1.571701169013977,1.014904369910558,0.5125,1.0,1.0
exist_nan_value,False,False,False,False,False,False,False,False,False,False,False,False
