,epoch,train_epoch_loss_avg_over_batch,train_acc,train_acc_clean_only,train_asr_bd_only,train_ra_bd_only,clean_test_loss_avg_over_batch,bd_test_loss_avg_over_batch,ra_test_loss_avg_over_batch,test_acc,test_asr,test_ra
last,59,0.6888542617244823,0.5465137485970819,0.49866814131721604,0.9800959909655562,0.5016939582156974,0.6974650783972307,0.6141093273957571,0.7803729077180227,0.49964285714285717,0.9942857142857143,0.005714285714285714
valid_max,59,0.7091360444226428,0.5467522446689114,0.49940027416038385,0.9800959909655562,0.5021174477696216,0.7928748564286665,0.7386698325475057,1.014904369910558,0.5053571428571428,1.0,0.05928571428571429
exist_nan_value,False,False,False,False,False,False,False,False,False,False,False,False
