,epoch,train_epoch_loss_avg_over_batch,train_acc,train_acc_clean_only,train_asr_bd_only,train_ra_bd_only,clean_test_loss_avg_over_batch,bd_test_loss_avg_over_batch,ra_test_loss_avg_over_batch,test_acc,test_asr,test_ra
last,19,0.7080577188444391,0.5474375,0.5004398148148148,0.9704166666666667,0.5020138888888889,0.6972250667485324,0.6093704402446747,0.7848466336727142,0.5,1.0,0.0
valid_max,19,1.239354399127181,0.5474375,0.5019753086419753,0.9725,0.5053472222222222,0.7764696478843689,0.6757238407929739,0.969486931959788,0.5014285714285714,1.0,0.03142857142857143
exist_nan_value,False,False,False,False,False,False,False,False,False,False,False,False
