,epoch,batch,train_epoch_loss_avg_over_batch,train_acc,train_acc_clean_only,train_asr_bd_only,train_ra_bd_only,clean_test_loss_avg_over_batch,bd_test_loss_avg_over_batch,test_acc,test_asr,test_ra
last,99,1125,0.3432954122622808,0.8476458333333333,0.8502932098765432,0.8238194444444444,0.6418055555555555,0.8396418826146559,0.06406795758415353,0.6764285714285714,0.9785714285714285,0.02142857142857143
valid_max,99,1125,1.1750011008050707,0.8491666666666666,0.8522067901234568,0.9972222222222222,0.6438888888888888,28.98182667385448,68.2318115288561,0.6839285714285714,1.0,1.0
exist_nan_value,False,False,False,False,False,False,False,False,False,False,False,False
