,epoch,batch,train_epoch_loss_avg_over_batch,train_acc,train_acc_clean_only,train_asr_bd_only,train_ra_bd_only,clean_test_loss_avg_over_batch,bd_test_loss_avg_over_batch,test_acc,test_asr,test_ra
last,99,3375,0.12769494749274518,0.9594236111111111,0.9914969135802469,0.6707638888888889,0.4941435185185185,1.5195792086535331,0.010139344971288334,0.6839285714285714,0.9957142857142857,0.003857142857142857
valid_max,99,3375,2.0341324527528553,0.9599837962962963,0.9916332304526749,0.9819907407407408,0.6434722222222222,2.251986105333675,1.812771463394165,0.690952380952381,1.0,0.48228571428571426
exist_nan_value,False,False,False,False,False,False,False,False,False,False,False,False
