,epoch,batch,train_epoch_loss_avg_over_batch,train_acc,train_acc_clean_only,train_asr_bd_only,train_ra_bd_only,clean_test_loss_avg_over_batch,bd_test_loss_avg_over_batch,test_acc,test_asr,test_ra
last,99,1125,0.06807516299602058,0.9784652777777778,0.9983101851851852,0.7998611111111111,0.7011805555555556,0.6737912128658288,0.0011870196454269303,0.8560714285714286,1.0,0.0
valid_max,99,1125,1.152209150314331,0.9787430555555555,0.9984490740740741,0.9483333333333334,0.9292361111111112,28.236394225196406,7.225332506442845,0.8621428571428571,1.0,0.8421428571428572
exist_nan_value,False,False,False,False,False,False,False,False,False,False,False,False
