,epoch,batch,train_epoch_loss_avg_over_batch,train_acc,clean_test_loss_avg_over_batch,bd_test_loss_avg_over_batch,test_acc,test_asr,test_ra
last,0,0,0.054432617147164096,0.9808333333333333,0.5789114047180522,3.7535349130630493,0.8507142857142858,0.21285714285714286,0.7871428571428571
valid_max,0,0,0.2966724631601366,0.9904166666666666,1.0032459714195945,12.417691866556803,0.8617857142857143,0.8085714285714286,0.8485714285714285
exist_nan_value,False,False,False,False,False,False,False,False,False
