,epoch,train_epoch_loss_avg_over_batch,train_acc,train_acc_clean_only,train_asr_bd_only,train_ra_bd_only,clean_test_loss_avg_over_batch,bd_test_loss_avg_over_batch,ra_test_loss_avg_over_batch,test_acc,test_asr,test_ra
last,19,32.1401580174764,0.19583333333333333,0.21217105263157895,0.10714285714285714,0.5848214285714286,11.861746788024902,18.59714953104655,14.739865779876709,0.6478571428571429,0.2835714285714286,0.7164285714285714
valid_max,59,32.1401580174764,0.9278128507295174,0.9732131729810568,0.9782731376975169,0.9694554176072234,11.861746788024902,18.59714953104655,14.739865779876709,0.7775,1.0,0.8592857142857143
exist_nan_value,False,False,False,False,False,False,False,False,False,False,False,False
