,epoch,train_epoch_loss_avg_over_batch,train_acc,train_acc_clean_only,train_asr_bd_only,train_ra_bd_only,clean_test_loss_avg_over_batch,bd_test_loss_avg_over_batch,ra_test_loss_avg_over_batch,test_acc,test_asr,test_ra
last,59,0.20419278684702552,0.9274621212121212,0.972854872881356,0.5163656884875847,0.96755079006772,0.8537661975080316,1.71684463818868,1.2491735816001892,0.7628571428571429,0.24142857142857144,0.7585714285714286
valid_max,59,0.7069699734288871,0.9278128507295174,0.9732131729810568,0.9782731376975169,0.9694554176072234,0.8545120521025225,1.785530189673106,1.2491735816001892,0.7775,1.0,0.7864285714285715
exist_nan_value,False,False,False,False,False,False,False,False,False,False,False,False
