,epoch,batch,train_epoch_loss_avg_over_batch,train_acc,clean_test_loss_avg_over_batch,bd_test_loss_avg_over_batch,test_acc,test_asr,test_ra
last,9,29,0.08979085845680072,0.9659722222222222,0.5787450102242556,3.6338425079981485,0.84,0.2571428571428571,0.7428571428571429
valid_max,9,29,0.3044613717958845,0.9952777777777778,2.1309591477567498,32955983.333333332,0.8439285714285715,0.6792857142857143,0.8871428571428571
exist_nan_value,False,False,False,False,False,False,False,False,False
