,epoch,batch,train_epoch_loss_avg_over_batch,train_acc,clean_test_loss_avg_over_batch,bd_test_loss_avg_over_batch,test_acc,test_asr,test_ra
last,9,71,0.2195724154442129,0.9128333333333334,1.3952647660459792,4.61892294883728,0.7998571428571428,0.13267857142857142,0.6778571428571428
valid_max,9,71,0.45504515334753926,0.9157222222222222,1.5802528262138367,4.886615319685503,0.812,0.24035714285714285,0.6817857142857143
exist_nan_value,False,False,False,False,False,False,False,False,False
