,epoch,train_epoch_loss_avg_over_batch,train_acc,train_acc_clean_only,train_asr_bd_only,train_ra_bd_only,clean_test_loss_avg_over_batch,bd_test_loss_avg_over_batch,ra_test_loss_avg_over_batch,test_acc,test_asr,test_ra
last,19,48.89770539601644,0.0006944444444444445,0.0006944444444444445,0.6976041666666667,0.5463194444444445,17.3860725923018,0.004400276327167354,73.97195299933938,0.3105357142857143,0.9997619047619047,0.0
valid_max,59,48.89770539601644,0.9543209876543209,0.9827637328339576,0.7011805555555556,0.8227083333333334,17.700278065421365,1.5032456341911764,107.72939569809857,0.5717857142857142,0.9997619047619047,0.5233333333333333
exist_nan_value,False,False,False,False,False,False,False,False,False,False,False,False
