,epoch,train_epoch_loss_avg_over_batch,train_acc,train_acc_clean_only,train_asr_bd_only,train_ra_bd_only,clean_test_loss_avg_over_batch,bd_test_loss_avg_over_batch,ra_test_loss_avg_over_batch,test_acc,test_asr,test_ra
last,59,0.13785785698805078,0.9538124298540965,0.982599875156055,0.6976041666666667,0.5463194444444445,2.659518837928772,0.01935122219626518,13.398124246036305,0.5594642857142857,0.9933333333333333,0.005238095238095238
valid_max,59,1.1993729949425538,0.9543209876543209,0.9827637328339576,0.7011805555555556,0.8227083333333334,2.752948143265464,1.5032456341911764,13.398124246036305,0.5717857142857142,0.9933333333333333,0.5233333333333333
exist_nan_value,False,False,False,False,False,False,False,False,False,False,False,False
