,epoch,train_epoch_loss_avg_over_batch,train_acc,train_acc_clean_only,train_asr_bd_only,train_ra_bd_only,clean_test_loss_avg_over_batch,bd_test_loss_avg_over_batch,ra_test_loss_avg_over_batch,test_acc,test_asr,test_ra
last,19,1.1206606162389119,0.4715451388888889,0.46902006172839505,0.4942708333333333,0.47107638888888886,1.3164616389708086,1.2382508376065422,1.3963025948580574,0.41160714285714284,0.42714285714285716,0.3711904761904762
valid_max,19,1.7843923460642497,0.4715451388888889,0.46902006172839505,0.9848263888888888,0.47107638888888886,1.4271478111093694,1.2492530205670525,1.5547451972961426,0.41160714285714284,1.0,0.3711904761904762
exist_nan_value,False,False,False,False,False,False,False,False,False,False,False,False
