,epoch,clean_test_loss_avg_over_batch,bd_test_loss_avg_over_batch,ra_test_loss_avg_over_batch,test_acc,test_asr,test_ra
last,4,3.1817914500381006,2.623431052480425,2.0720398255756924,0.6795238095238095,0.046285714285714284,0.3954285714285714
valid_max,4,3.1817914500381006,2.623431052480425,3.309953136103494,0.6795238095238095,0.9692857142857143,0.3954285714285714
exist_nan_value,False,False,False,False,False,False,False
