,epoch,clean_test_loss_avg_over_batch,bd_test_loss_avg_over_batch,ra_test_loss_avg_over_batch,test_acc,test_asr,test_ra
0,0,1.7848759203246145,0.4150077061993735,3.309953136103494,0.675952380952381,0.9692857142857143,0.02214285714285714
1,1,2.270639939741655,1.7885850710528237,2.040790093796594,0.6783333333333333,0.19685714285714287,0.2832857142857143
2,2,2.865173253146085,2.3831751346588135,2.048039619411741,0.6791666666666667,0.038285714285714284,0.352
3,3,3.1189195604035347,2.4777834756033763,2.0609524888651714,0.679404761904762,0.03957142857142857,0.3787142857142857
4,4,3.1817914500381006,2.623431052480425,2.0720398255756924,0.6795238095238095,0.046285714285714284,0.3954285714285714
