,epoch,clean_test_loss_avg_over_batch,bd_test_loss_avg_over_batch,ra_test_loss_avg_over_batch,test_acc,test_asr,test_ra
0,0,0.42239697954871436,0.2715090016523997,1.8672194282213848,0.8575,0.9328571428571428,0.06714285714285714
