,epoch,clean_test_loss_avg_over_batch,bd_test_loss_avg_over_batch,ra_test_loss_avg_over_batch,test_acc,test_asr,test_ra
0,0,0.42239697954871436,0.2715090016523997,1.8672194282213848,0.8575,0.9328571428571428,0.06714285714285714
1,1,0.41962185502052307,0.3070804973443349,1.7235926787058513,0.8564285714285714,0.92,0.08
2,2,0.4193982725793665,0.3076666047175725,1.7224511702855427,0.8564285714285714,0.9192857142857143,0.08071428571428571
3,3,0.4189626005562869,0.31094429393609363,1.7271742423375447,0.8564285714285714,0.9192857142857143,0.08071428571428571
4,4,0.41987993771379645,0.3108180413643519,1.7199270327885945,0.8564285714285714,0.9192857142857143,0.08071428571428571
