,epoch,clean_test_loss_avg_over_batch,bd_test_loss_avg_over_batch,ra_test_loss_avg_over_batch,test_acc,test_asr,test_ra
last,4,0.41987993771379645,0.3108180413643519,1.7199270327885945,0.8564285714285714,0.9192857142857143,0.08071428571428571
valid_max,4,0.42239697954871436,0.31094429393609363,1.8672194282213848,0.8575,0.9328571428571428,0.08071428571428571
exist_nan_value,False,False,False,False,False,False,False
