,epoch,batch,train_epoch_loss_avg_over_batch,train_acc,train_acc_clean_only,train_asr_bd_only,train_ra_bd_only,clean_test_loss_avg_over_batch,bd_test_loss_avg_over_batch,test_acc,test_asr,test_ra
last,99,2812,0.12500884285617944,0.9601429142958748,0.9906372706393698,0.6856801511446988,0.511419204267615,1.567738943479278,0.004301056841954546,0.807,0.9989285714285714,0.0010714285714285715
valid_max,99,2812,1.8940158920895154,0.9601429142958748,0.9906372706393698,0.9948599688819738,0.5545060562284698,3.0268147945404054,3.6124213080122654,0.8274285714285714,1.0,0.4907142857142857
exist_nan_value,False,False,False,False,False,False,False,False,False,False,False,False
