,epoch,clean_test_loss_avg_over_batch,bd_test_loss_avg_over_batch,ra_test_loss_avg_over_batch,test_acc,test_asr,test_ra
0,0,1.7848759203246145,0.4150077061993735,3.309953136103494,0.8532142857142857,0.9692857142857143,0.030714285714285715
1,1,2.270639939741655,1.7885850710528237,2.040790093796594,0.8144047619047619,0.19685714285714287,0.8031428571428572
2,2,2.865173253146085,2.3831751346588135,2.048039619411741,0.8195238095238095,0.038285714285714284,0.9617142857142857
3,3,3.1189195604035347,2.4777834756033763,2.0609524888651714,0.8161904761904762,0.03957142857142857,0.9604285714285714
4,4,3.1817914500381006,2.623431052480425,2.0720398255756924,0.8214285714285714,0.046285714285714284,0.9537142857142857
