,epoch,clean_test_loss_avg_over_batch,bd_test_loss_avg_over_batch,ra_test_loss_avg_over_batch,test_acc,test_asr,test_ra
0,0,1.0385525632988324,0.4274628512999591,4.343280595891616,0.8625,0.8821428571428571,0.11785714285714285
1,1,1.0433079112659802,0.21114951372146606,4.383257697610294,0.8632142857142857,0.9614285714285714,0.03857142857142857
2,2,1.290765491398898,7.257472991943359,0.9938696622848511,0.8626785714285714,0.07928571428571428,0.9207142857142857
3,3,1.4579835534095764,6.436898259555592,1.4138471729615156,0.8548214285714286,0.12261904761904761,0.8773809523809524
4,4,1.0467518676411023,6.266053480260513,0.8551059154903188,0.8614285714285714,0.09071428571428572,0.9092857142857143
