,epoch,clean_test_loss_avg_over_batch,bd_test_loss_avg_over_batch,ra_test_loss_avg_over_batch,test_acc,test_asr,test_ra
last,4,1.0467518676411023,6.266053480260513,0.8551059154903188,0.8110714285714286,0.09071428571428572,0.8459523809523809
valid_max,4,1.4579835534095764,7.257472991943359,4.383257697610294,0.8121428571428572,0.9614285714285714,0.8497619047619047
exist_nan_value,False,False,False,False,False,False,False
