,epoch,clean_test_loss_avg_over_batch,bd_test_loss_avg_over_batch,ra_test_loss_avg_over_batch,test_acc,test_asr,test_ra
0,0,1.0385525632988324,0.4274628512999591,4.343280595891616,0.8096428571428571,0.8821428571428571,0.08928571428571429
1,1,1.0433079112659802,0.21114951372146606,4.383257697610294,0.81125,0.9614285714285714,0.03761904761904762
2,2,1.290765491398898,7.257472991943359,0.9938696622848511,0.8076785714285715,0.07928571428571428,0.8497619047619047
3,3,1.4579835534095764,6.436898259555592,1.4138471729615156,0.8121428571428572,0.12261904761904761,0.8233333333333334
4,4,1.0467518676411023,6.266053480260513,0.8551059154903188,0.8110714285714286,0.09071428571428572,0.8459523809523809
