,epoch,batch,train_epoch_loss_avg_over_batch,train_acc,train_acc_clean_only,train_asr_bd_only,train_ra_bd_only,clean_test_loss_avg_over_batch,bd_test_loss_avg_over_batch,test_acc,test_asr,test_ra
last,99,1687,0.09393055909260815,0.970648710729105,0.9966708688157658,0.736417951924413,0.5922838219628549,0.9533944829846873,0.01108013324714689,0.8035714285714286,0.995,0.004642857142857143
valid_max,99,1687,1.5459647472609976,0.970648710729105,0.9966708688157658,0.9623934790663209,0.7240133407448582,9.303101839441242,1.3294520405205814,0.8078571428571428,1.0,0.5671428571428572
exist_nan_value,False,False,False,False,False,False,False,False,False,False,False,False
