,epoch,clean_test_loss_avg_over_batch,bd_test_loss_avg_over_batch,ra_test_loss_avg_over_batch,test_acc,test_asr,test_ra
0,0,1.9875545714582716,0.07643997635353696,4.611286726864901,0.6814285714285714,0.9873214285714286,0.009821428571428571
1,1,2.388139558689935,0.10037612373178656,4.4111011028289795,0.6771428571428572,0.9858928571428571,0.01125
2,2,2.5595430774348125,0.21380603990771554,3.4987766525962134,0.6771428571428572,0.9776785714285714,0.019107142857142857
3,3,2.7908748388290405,0.17999427223747427,3.9906298138878564,0.6794285714285714,0.9825,0.014642857142857143
4,4,2.988969922065735,0.11755658516829665,4.608868317170576,0.6808571428571428,0.9855357142857143,0.011785714285714287
