,epoch,clean_test_loss_avg_over_batch,bd_test_loss_avg_over_batch,ra_test_loss_avg_over_batch,test_acc,test_asr,test_ra
last,4,2.988969922065735,0.11755658516829665,4.608868317170576,0.6808571428571428,0.9855357142857143,0.011785714285714287
valid_max,4,2.988969922065735,0.21380603990771554,4.611286726864901,0.6814285714285714,0.9873214285714286,0.019107142857142857
exist_nan_value,False,False,False,False,False,False,False
