,epoch,clean_test_loss_avg_over_batch,bd_test_loss_avg_over_batch,ra_test_loss_avg_over_batch,test_acc,test_asr,test_ra
last,4,2.4492028626528652,0.35509734104077023,5.699488162994385,0.6685714285714286,0.9607142857142857,0.039285714285714285
valid_max,4,2.4492028626528652,0.35509734104077023,5.699488162994385,0.6846428571428571,0.9607142857142857,0.045714285714285714
exist_nan_value,False,False,False,False,False,False,False
