,epoch,clean_test_loss_avg_over_batch,bd_test_loss_avg_over_batch,ra_test_loss_avg_over_batch,test_acc,test_asr,test_ra
0,0,1.0948607542298057,0.19403195132811865,3.874277710914612,0.6735714285714286,0.955,0.045
1,1,1.304879361932928,0.21994623790184656,4.985422054926555,0.6846428571428571,0.9542857142857143,0.045714285714285714
2,2,1.4491390640085393,0.23276872684558234,5.078866004943848,0.6760714285714285,0.9564285714285714,0.04357142857142857
3,3,1.780783707445318,0.27677928904692334,5.642796119054158,0.6782142857142858,0.9571428571428572,0.04285714285714286
4,4,2.4492028626528652,0.35509734104077023,5.699488162994385,0.6685714285714286,0.9607142857142857,0.039285714285714285
