,epoch,batch,train_epoch_loss_avg_over_batch,train_acc,train_acc_clean_only,train_asr_bd_only,train_ra_bd_only,clean_test_loss_avg_over_batch,bd_test_loss_avg_over_batch,test_acc,test_asr,test_ra
last,99,1125,0.017576235665163645,0.9935972222222222,0.9973611111111111,0.9597222222222223,0.5413194444444445,1.7743608206510544,0.1481468465433202,0.76,0.97,0.03
valid_max,99,1125,0.667345674249861,0.9935972222222222,0.9974074074074074,0.9597222222222223,0.6870833333333334,1.8484248342839154,0.20641693794591862,0.7764285714285715,1.0,0.06142857142857143
exist_nan_value,False,False,False,False,False,False,False,False,False,False,False,False
