,epoch,batch,train_epoch_loss_avg_over_batch,train_acc,clean_test_loss_avg_over_batch,bd_test_loss_avg_over_batch,test_acc,test_asr,test_ra
last,0,0,0.10980444061651565,0.9595833333333333,0.7839967608451843,5.158404406379251,0.7766071428571428,0.07904761904761905,0.8176190476190476
valid_max,0,0,0.2802061261119027,0.9595833333333333,0.867968808520924,5.158404406379251,0.7905357142857142,0.12833333333333333,0.8392857142857143
exist_nan_value,False,False,False,False,False,False,False,False,False
