,epoch,train_epoch_loss_avg_over_batch,train_acc,train_acc_clean_only,train_asr_bd_only,train_ra_bd_only,clean_test_loss_avg_over_batch,bd_test_loss_avg_over_batch,ra_test_loss_avg_over_batch,test_acc,test_asr,test_ra
last,19,0.856283372824226,0.5715462962962963,0.5750051440329218,0.5404166666666667,0.5750462962962963,1.0770283060915329,1.1332502961158752,1.1987389651211826,0.5669047619047619,0.47535714285714287,0.5246428571428572
valid_max,19,1.518107102663031,0.5715462962962963,0.5750051440329218,0.9752314814814815,0.5750462962962963,1.1665424248751473,1.1332502961158752,1.2362574230540881,0.5669047619047619,1.0,0.5246428571428572
exist_nan_value,False,False,False,False,False,False,False,False,False,False,False,False
