,epoch,train_epoch_loss_avg_over_batch,train_acc,train_acc_clean_only,train_asr_bd_only,train_ra_bd_only,clean_test_loss_avg_over_batch,bd_test_loss_avg_over_batch,ra_test_loss_avg_over_batch,test_acc,test_asr,test_ra
last,19,12.982849850374109,0.16597222222222222,0.11208226221079691,0.6534883720930232,0.6558139534883721,7.709963234988126,0.08357893176642912,13.260766472135272,0.825595238095238,0.9762857142857143,0.023714285714285716
valid_max,59,12.982849850374109,0.949230733258511,0.9804187991998129,0.8418604651162791,0.858265139116203,8.429832863085197,1.8789624742099218,18.110954557146346,0.8284523809523809,0.9991428571428571,0.8638571428571429
exist_nan_value,False,False,False,False,False,False,False,False,False,False,False,False
