,epoch,train_epoch_loss_avg_over_batch,train_acc,train_acc_clean_only,train_asr_bd_only,train_ra_bd_only,clean_test_loss_avg_over_batch,bd_test_loss_avg_over_batch,ra_test_loss_avg_over_batch,test_acc,test_asr,test_ra
last,19,0.5996008746996875,0.7551157407407407,0.8163708847736626,0.20381944444444444,0.8058796296296297,2.4488958662206475,1.592578457934516,2.7047957948275974,0.7317857142857143,0.18614285714285714,0.8138571428571428
valid_max,19,2.0734011769577223,0.7551157407407407,0.8163708847736626,0.9961805555555555,0.8058796296296297,2.545930103822188,1.7163723877498083,2.779653106416975,0.7317857142857143,1.0,0.8138571428571428
exist_nan_value,False,False,False,False,False,False,False,False,False,False,False,False
