,epoch,batch,train_epoch_loss_avg_over_batch,train_acc,clean_test_loss_avg_over_batch,bd_test_loss_avg_over_batch,test_acc,test_asr,test_ra
last,9,43,0.12035475307425787,0.9540740740740741,0.8335330346051384,4.003004984422163,0.8102380952380952,0.125,0.8035714285714286
valid_max,9,43,0.24928971466630004,0.956574074074074,1.6710372041253483,4.003004984422163,0.8235714285714286,0.24785714285714286,0.8035714285714286
exist_nan_value,False,False,False,False,False,False,False,False,False
