,epoch,batch,train_epoch_loss_avg_over_batch,train_acc,clean_test_loss_avg_over_batch,bd_test_loss_avg_over_batch,test_acc,test_asr,test_ra
last,0,0,0.13796539561346519,0.9498148148148148,0.7422099779633915,3.967080593109131,0.8066666666666666,0.12821428571428573,0.8164285714285714
valid_max,0,0,0.29538528136042663,0.9638888888888889,1.6473153759451473,3.967080593109131,0.8088095238095238,0.23392857142857143,0.8171428571428572
exist_nan_value,False,False,False,False,False,False,False,False,False
