,epoch,train_epoch_loss_avg_over_batch,train_acc,train_acc_clean_only,train_asr_bd_only,train_ra_bd_only,clean_test_loss_avg_over_batch,bd_test_loss_avg_over_batch,ra_test_loss_avg_over_batch,test_acc,test_asr,test_ra
last,19,19.793968836466473,0.12805555555555556,0.06377631165567076,0.6187050359712231,0.6187050359712231,10.462711674826485,0.11561351557346908,22.533557198264383,0.7961428571428572,0.9832142857142857,0.016785714285714286
valid_max,59,19.793968836466473,0.941141975308642,0.9701418565724385,0.8033573141486811,0.83222325267684,10.664149488721575,1.7415520711378618,27.29864467274059,0.8001428571428572,0.9983928571428572,0.8301785714285714
exist_nan_value,False,False,False,False,False,False,False,False,False,False,False,False
