,epoch,train_epoch_loss_avg_over_batch,train_acc,train_acc_clean_only,train_asr_bd_only,train_ra_bd_only,clean_test_loss_avg_over_batch,bd_test_loss_avg_over_batch,ra_test_loss_avg_over_batch,test_acc,test_asr,test_ra
last,59,0.16601666012793587,0.941141975308642,0.9701418565724385,0.6796784981592333,0.5010257707332153,3.1945016469274248,0.008897601640042425,17.92218199643222,0.754,0.9964285714285714,0.0035714285714285713
valid_max,59,0.9526669010359524,0.941141975308642,0.9701418565724385,0.6845684737093556,0.83222325267684,3.208021981375558,1.7415520711378618,20.523508765480734,0.7745714285714286,0.9983928571428572,0.8301785714285714
exist_nan_value,False,False,False,False,False,False,False,False,False,False,False,False
