,epoch,train_epoch_loss_avg_over_batch,train_acc,train_acc_clean_only,train_asr_bd_only,train_ra_bd_only,clean_test_loss_avg_over_batch,bd_test_loss_avg_over_batch,ra_test_loss_avg_over_batch,test_acc,test_asr,test_ra
0,0,1.1745038180749328,0.5190694444444445,0.5002777777777778,0.6881944444444444,0.5017361111111112,0.7047099091789939,0.5527335902055105,0.8570144176483154,0.5,0.9985714285714286,0.0014285714285714286
1,1,0.8867705148871373,0.5312847222222222,0.5004320987654322,0.8089583333333333,0.5038888888888889,0.6932004527612166,0.6753984689712524,0.7116167744000753,0.5021428571428571,0.9735714285714285,0.02642857142857143
2,2,0.817843821501859,0.5367083333333333,0.5014429012345679,0.8540972222222222,0.49694444444444447,1.1165327538143506,0.6597111026446024,1.6419793367385864,0.5017857142857143,0.9864285714285714,0.013571428571428571
3,3,0.8065229678662166,0.5389305555555556,0.5009876543209877,0.8804166666666666,0.49895833333333334,0.7014539295976813,0.5739899973074595,0.8289650479952494,0.49964285714285717,0.9928571428571429,0.007142857142857143
4,4,0.789411284572066,0.5394652777777778,0.4992515432098765,0.9013888888888889,0.498125,0.7039304267276417,0.5556452373663584,0.8525794545809428,0.5,1.0,0.0
5,5,0.7843141657421051,0.5410555555555555,0.4998148148148148,0.9122222222222223,0.4996527777777778,0.7000668753277172,0.5829593340555826,0.8172326385974884,0.5,1.0,0.0
6,6,0.7675000270348883,0.5413333333333333,0.5000617283950617,0.9127777777777778,0.5027083333333333,0.7073717171495612,0.5486980775992075,0.8658606211344401,0.5,0.985,0.015
