,epoch,train_epoch_loss_avg_over_batch,train_acc,train_acc_clean_only,train_asr_bd_only,train_ra_bd_only,clean_test_loss_avg_over_batch,bd_test_loss_avg_over_batch,ra_test_loss_avg_over_batch,test_acc,test_asr,test_ra
last,19,0.7076390647125922,0.5475972222222222,0.5000308641975308,0.9756944444444444,0.5011805555555555,0.6995352940125898,0.6244807442029318,0.778713991244634,0.5010714285714286,0.9942857142857143,0.005714285714285714
valid_max,19,1.1745038180749328,0.5475972222222222,0.5014429012345679,0.9756944444444444,0.5038888888888889,1.1165327538143506,0.6925754547119141,1.6419793367385864,0.5035714285714286,1.0,0.02642857142857143
exist_nan_value,False,False,False,False,False,False,False,False,False,False,False,False
