,epoch,batch,train_epoch_loss_avg_over_batch,train_acc,train_acc_clean_only,train_asr_bd_only,train_ra_bd_only,clean_test_loss_avg_over_batch,bd_test_loss_avg_over_batch,test_acc,test_asr,test_ra
last,99,2250,0.10272190782013867,0.9682673611111111,0.997349537037037,0.7065277777777778,0.5444791666666666,0.8042622088369998,0.004690612257091385,0.8219642857142857,0.9995238095238095,0.0004761904761904762
valid_max,99,2250,1.7448994762102763,0.9682673611111111,0.9973726851851852,0.9972916666666667,0.7017013888888889,4.094527373937043,1.5630964004632197,0.8267857142857142,1.0,0.6511904761904762
exist_nan_value,False,False,False,False,False,False,False,False,False,False,False,False
