,epoch,batch,train_epoch_loss_avg_over_batch,train_acc,clean_test_loss_avg_over_batch,bd_test_loss_avg_over_batch,test_acc,test_asr,test_ra
last,9,57,0.11360325147969681,0.9584722222222222,0.7890492217107252,4.5242608294767495,0.8305357142857143,0.14547619047619048,0.7957142857142857
valid_max,9,57,0.2917518636636567,0.9594444444444444,1.2382399168881504,4.891244018779082,0.8510714285714286,0.1957142857142857,0.8645238095238095
exist_nan_value,False,False,False,False,False,False,False,False,False
