,epoch,train_epoch_loss_avg_over_batch,train_acc,train_acc_clean_only,train_asr_bd_only,train_ra_bd_only,clean_test_loss_avg_over_batch,bd_test_loss_avg_over_batch,ra_test_loss_avg_over_batch,test_acc,test_asr,test_ra
last,19,0.5657937761817151,0.7645333333333333,0.823,0.23833333333333334,0.8154166666666667,1.756594466311591,1.6166792620312085,1.9529681585051797,0.5034285714285714,0.215,0.5089285714285714
valid_max,19,1.9237427971595216,0.7645333333333333,0.823,0.9870555555555556,0.8154166666666667,1.8977648999009813,1.7526520653204485,2.128988954153928,0.5034285714285714,1.0,0.5089285714285714
exist_nan_value,False,False,False,False,False,False,False,False,False,False,False,False
