,epoch,batch,train_epoch_loss_avg_over_batch,train_acc,clean_test_loss_avg_over_batch,bd_test_loss_avg_over_batch,test_acc,test_asr,test_ra
last,9,29,0.4828173980630677,0.7601388888888889,0.666034302928231,1.875694493452708,0.6567857142857143,0.23857142857142857,0.7614285714285715
valid_max,9,29,0.6073160377042047,0.7641666666666667,2.8049524155530063,3.113242427508036,0.6642857142857143,0.4785714285714286,0.8814285714285715
exist_nan_value,False,False,False,False,False,False,False,False,False
