,epoch,batch,train_epoch_loss_avg_over_batch,train_acc,clean_test_loss_avg_over_batch,bd_test_loss_avg_over_batch,test_acc,test_asr,test_ra
last,0,0,0.49230200668861124,0.75375,0.7099319425496188,1.3795758287111919,0.6432142857142857,0.47928571428571426,0.5207142857142857
valid_max,0,0,0.6302153057065504,0.7706944444444445,1.1790742711587385,2.516235589981079,0.6714285714285714,0.5007142857142857,0.8071428571428572
exist_nan_value,False,False,False,False,False,False,False,False,False
