,epoch,batch,train_epoch_loss_avg_over_batch,train_acc,clean_test_loss_avg_over_batch,bd_test_loss_avg_over_batch,test_acc,test_asr,test_ra
last,0,0,0.20309378080804583,0.9214444444444444,1.3408947906323843,4.4301510507410224,0.6587142857142857,0.11839285714285715,0.6925
valid_max,0,0,0.43251232299166664,0.9214444444444444,1.3408947906323843,4.725898721001365,0.6731428571428572,0.1769642857142857,0.7085714285714285
exist_nan_value,False,False,False,False,False,False,False,False,False
