,epoch,train_epoch_loss_avg_over_batch,train_acc,train_acc_clean_only,train_asr_bd_only,train_ra_bd_only,clean_test_loss_avg_over_batch,bd_test_loss_avg_over_batch,ra_test_loss_avg_over_batch,test_acc,test_asr,test_ra
last,59,0.30810301315984084,0.8733866442199776,0.9085362047440699,0.5605555555555556,0.7190277777777778,1.8599622600218828,0.4968169873411005,4.181208437139338,0.5571428571428572,0.7767857142857143,0.19285714285714287
valid_max,59,0.9498503992432042,0.8733866442199776,0.9085362047440699,0.5975,0.8454166666666667,1.8599622600218828,1.4266381913965398,4.181208437139338,0.580952380952381,0.7767857142857143,0.5639285714285714
exist_nan_value,False,False,False,False,False,False,False,False,False,False,False,False
