,epoch,train_epoch_loss_avg_over_batch,train_acc,train_acc_clean_only,train_asr_bd_only,train_ra_bd_only,clean_test_loss_avg_over_batch,bd_test_loss_avg_over_batch,ra_test_loss_avg_over_batch,test_acc,test_asr,test_ra
last,19,51.222692277696396,0.04953703703703704,0.04953703703703704,0.5605555555555556,0.7190277777777778,15.800513099221622,8.895923657850785,20.865012082186613,0.3438095238095238,0.30857142857142855,0.305
valid_max,59,51.222692277696396,0.8733866442199776,0.9085362047440699,0.5975,0.8454166666666667,15.800513099221622,8.895923657850785,20.865012082186613,0.580952380952381,0.8753571428571428,0.5639285714285714
exist_nan_value,False,False,False,False,False,False,False,False,False,False,False,False
